source_id,target_id,rtt,throughput
A,B,9.545599958726232,0.2
A,C,46.046766787414015,0.2
A,D,37.56859281262937,0.2
B,C,37.56859281262937,0.2
B,D,46.046766787414015,0.2
C,D,72.99424902597697,0.2
E,F,9.545599958726232,0.2
E,G,46.046766787414015,0.2
E,H,37.56859281262937,0.2
F,G,37.56859281262937,0.2
F,H,46.046766787414015,0.2
G,H,72.99424902597698,0.2
B,E,9.545599958726232,0.2
C,H,72.99424902597697,0.2
