{
    "AB": 10.071067811865476,
    "AC": 14.519716382329886,
    "AE": 22.0,
    "BE": 19.071067811865476,
    "BF": 80.96585609973066,
    "CE": 5.9528470752104745,
    "CF": 77.55810822891549,
    "EF": 17.024937810560445,
    "FH": 90.66045976336582,
    "GH": 17.516648189186455,
    "GI": 34.5,
    "GJ": 91.91460700081113,
    "HI": 39.01387818865997,
    "IJ": 98.02775637731995
}
