{"A-B": 10.071067811865476, "A-E": 22.0, "E-C": 5.9528470752104745, "A-C": 14.519716382329886, "E-F": 17.024937810560445, "B-F": 80.96585609973066, "B-H": 165.0, "G-H": 17.516648189186455, "H-I": 39.01387818865997, "I-G": 34.5, "F-H": 90.66045976336582, "F-I": 160.2237484161567, "I-J": 98.02775637731995, "J-F": 277.33630940518896, "J-C": 292.1678194835825, "J-G": 91.91460700081113, "A-J": 351.53882032022074, "B-E": 19.071067811865476, "F-C": 77.55810822891549}