{
    "AB": 10.071067811865476,
    "AC": 14.519716382329886,
    "AE": 20.47256345754036,
    "AF": 37.497501268100805,
    "AG": 145.6746092206531,
    "AH": 128.15796103146664,
    "AI": 167.17183922012663,
    "AJ": 237.58921622146423,
    "BC": 24.59078419419536,
    "BE": 19.071067811865476,
    "BF": 36.09600562242592,
    "BG": 144.2731135749782,
    "BH": 126.75646538579174,
    "BI": 165.77034357445172,
    "BJ": 236.18772057578934,
    "CE": 5.9528470752104745,
    "CF": 22.97778488577092,
    "CG": 131.15489283832318,
    "CH": 113.63824464913674,
    "CI": 152.6521228377967,
    "CJ": 223.06949983913432,
    "EF": 17.024937810560445,
    "EG": 125.20204576311272,
    "EH": 107.68539757392627,
    "EI": 146.69927576258624,
    "EJ": 217.11665276392387,
    "FG": 108.17710795255228,
    "FH": 90.66045976336582,
    "FI": 129.67433795202578,
    "FJ": 200.0917149533634,
    "GH": 17.516648189186455,
    "GI": 34.5,
    "GJ": 91.91460700081113,
    "HI": 39.01387818865997,
    "HJ": 109.43125518999759,
    "IJ": 98.02775637731995
}
