source_id,target_id,rtt
0,0,0.0
0,1,4.053570236435507
0,2,5.198530690430838
0,3,9.62044495862964
1,0,4.053570236435507
1,1,0.0
1,2,1.4010200602866816
1,3,13.674015195065149
2,0,5.198530690430838
2,1,1.4010200602866816
2,2,0.0
2,3,14.818975649060478
3,0,9.62044495862964
3,1,13.674015195065149
3,2,14.818975649060478
3,3,0.0
