source_id,target_id,rtt
0,0,0.0
0,1,43.31614221288705
0,2,42.73130314044048
0,3,41.72322363763536
0,4,41.943224867565355
0,5,41.943224867565355
0,6,33.70258721255123
0,7,0.0292698027501826
0,8,0.009653385005427163
1,0,43.31614221288705
1,1,0.0
1,2,4.053570236435507
1,3,5.198530690430838
1,4,5.07596749551312
1,5,5.07596749551312
1,6,9.62044495862964
1,7,43.33994732042173
1,8,43.32557665596749
2,0,42.73130314044048
2,1,4.053570236435507
2,2,0.0
2,3,1.4010200602866816
2,4,1.1983203363116721
2,5,1.1983203363116721
2,6,9.859344714499642
2,7,42.75327582842078
2,8,42.74048426677694
3,0,41.72322363763536
3,1,5.198530690430838
3,2,1.4010200602866816
3,3,0.0
3,4,0.23138325199799417
3,5,0.23138325199799417
3,6,9.345286916198834
3,7,41.744710023081936
3,8,41.732327951387596
4,0,41.943224867565355
4,1,5.07596749551312
4,2,1.1983203363116721
4,3,0.23138325199799417
4,4,0.0
4,5,0.0
4,6,9.507669226773663
4,7,41.96474780216315
4,8,41.952335077732776
5,0,41.943224867565355
5,1,5.07596749551312
5,2,1.1983203363116721
5,3,0.23138325199799417
5,4,0.0
5,5,0.0
5,6,9.507669226773663
5,7,41.96474780216315
5,8,41.952335077732776
6,0,33.70258721255123
6,1,9.62044495862964
6,2,9.859344714499642
6,3,9.345286916198834
6,4,9.507669226773663
6,5,9.507669226773663
6,6,0.0
6,7,33.726564495479515
6,8,33.712041877470945
7,0,0.0292698027501826
7,1,43.33994732042173
7,2,42.75327582842078
7,3,41.744710023081936
7,4,41.96474780216315
7,5,41.96474780216315
7,6,33.726564495479515
7,7,0.0
7,8,0.02076379802288357
8,0,0.009653385005427163
8,1,43.32557665596749
8,2,42.74048426677694
8,3,41.732327951387596
8,4,41.952335077732776
8,5,41.952335077732776
8,6,33.712041877470945
8,7,0.02076379802288357
8,8,0.0
