source_id,target_id,rtt
0,0,0.0
0,1,58.18681984316633
0,2,3.527744149576584
0,3,2.78110848497065
0,4,2.519164636416728
0,5,2.921295007814363
0,6,1.8108584063150652
0,7,1.8018684313446889
0,8,0.7884490884357973
0,9,1.4047024242763608
1,0,58.18681984316633
1,1,0.0
1,2,56.86932343194898
1,3,57.46052269146064
1,4,58.32207404113628
1,5,56.29802681363508
1,6,57.73261594480511
1,7,57.922585726262106
1,8,57.6538553907052
1,9,57.06627570248047
2,0,3.527744149576584
2,1,56.86932343194898
2,2,0.0
2,3,0.8389069825361571
2,4,1.6489734063923565
2,5,1.1724245738275894
2,6,1.7522116360071665
2,7,1.832382831340431
2,8,2.797786951338243
2,9,2.4177703701009436
3,0,2.78110848497065
3,1,57.46052269146064
3,2,0.8389069825361571
3,3,0.0
3,4,0.8806599855005789
3,5,1.2410832520240747
3,6,0.9709486520760869
3,7,1.0169159551770788
3,8,2.1063315407287613
3,9,1.8649675703513287
4,0,2.519164636416728
4,1,58.32207404113628
4,2,1.6489734063923565
4,3,0.8806599855005789
4,4,0.0
4,5,2.0401482201738323
4,6,0.9572405860099626
4,7,0.8301410852194375
4,8,2.038528858335845
4,9,2.073944619707192
5,0,2.921295007814363
5,1,56.29802681363508
5,2,1.1724245738275894
5,3,1.2410832520240747
5,4,2.0401482201738323
5,5,0.0
5,6,1.5159305851174354
5,7,1.6893628929682682
5,8,2.13329899698236
5,9,1.575897643442369
6,0,1.8108584063150652
6,1,57.73261594480511
6,2,1.7522116360071665
6,3,0.9709486520760869
6,4,0.9572405860099626
6,5,1.5159305851174354
6,6,0.0
6,7,0.1919217183288388
6,8,1.1705089490985479
6,9,1.1167535443849013
7,0,1.8018684313446889
7,1,57.922585726262106
7,2,1.832382831340431
7,3,1.0169159551770788
7,4,0.8301410852194375
7,5,1.6893628929682682
7,6,0.1919217183288388
7,7,0.0
7,8,1.2263158541104444
7,9,1.2600836373280713
8,0,0.7884490884357973
8,1,57.6538553907052
8,2,2.797786951338243
8,3,2.1063315407287613
8,4,2.038528858335845
8,5,2.13329899698236
8,6,1.1705089490985479
8,7,1.2263158541104444
8,8,0.0
8,9,0.6455212660201256
9,0,1.4047024242763608
9,1,57.06627570248047
9,2,2.4177703701009436
9,3,1.8649675703513287
9,4,2.073944619707192
9,5,1.575897643442369
9,6,1.1167535443849013
9,7,1.2600836373280713
9,8,0.6455212660201256
9,9,0.0
