source_id,target_id,rtt
0,0,0.0
0,1,6.122699543164966
0,2,8.447317382227086
0,3,8.72347591719247
0,4,15.739275518825487
0,5,71.18220117081961
0,6,71.18220117081961
1,0,6.122699543164966
1,1,0.0
1,2,3.964660907141576
1,3,5.233295930816202
1,4,21.358184515645092
1,5,67.94448304570435
1,6,67.94448304570435
2,0,8.447317382227086
2,1,3.964660907141576
2,2,0.0
2,3,8.844317039387084
2,4,24.18459616220144
2,5,70.38912910057736
2,6,70.38912910057736
3,0,8.72347591719247
3,1,5.233295930816202
3,2,8.844317039387084
3,3,0.0
3,4,21.08014372085529
3,5,63.05915213258406
3,6,63.05915213258406
4,0,15.739275518825487
4,1,21.358184515645092
4,2,24.18459616220144
4,3,21.08014372085529
4,4,0.0
4,5,73.65859822203562
4,6,73.65859822203562
5,0,71.18220117081961
5,1,67.94448304570435
5,2,70.38912910057736
5,3,63.05915213258406
5,4,73.65859822203562
5,5,0.0
5,6,0.0
6,0,71.18220117081961
6,1,67.94448304570435
6,2,70.38912910057736
6,3,63.05915213258406
6,4,73.65859822203562
6,5,0.0
6,6,0.0
