source_id,target_id,rtt
0,0,0.0
0,1,67.94448304570435
0,2,71.90914395284592
0,3,73.17777897652054
0,4,94.25792269737583
0,5,135.8889660914087
0,6,135.8889660914087
0,7,74.83703817703032
0,8,72.11545965296064
1,0,67.94448304570435
1,1,0.0
1,2,3.964660907141576
1,3,5.233295930816202
1,4,26.31343965167149
1,5,67.94448304570435
1,6,67.94448304570435
1,7,6.892555131325981
1,8,4.170976607256289
2,0,71.90914395284592
2,1,3.964660907141576
2,2,0.0
2,3,9.197956837957777
2,4,30.278100558813065
2,5,71.90914395284592
2,6,71.90914395284592
2,7,10.857216038467557
2,8,8.135637514397866
3,0,73.17777897652054
3,1,5.233295930816202
3,2,9.197956837957777
3,3,0.0
3,4,21.08014372085529
3,5,73.17777897652054
3,6,73.17777897652054
3,7,12.125851062142182
3,8,4.841197324535323
4,0,94.25792269737583
4,1,26.31343965167149
4,2,30.278100558813065
4,3,21.08014372085529
4,4,0.0
4,5,94.25792269737583
4,6,94.25792269737583
4,7,33.20599478299747
4,8,25.921341045390612
5,0,135.8889660914087
5,1,67.94448304570435
5,2,71.90914395284592
5,3,73.17777897652054
5,4,94.25792269737583
5,5,0.0
5,6,135.8889660914087
5,7,74.83703817703032
5,8,72.11545965296064
6,0,135.8889660914087
6,1,67.94448304570435
6,2,71.90914395284592
6,3,73.17777897652054
6,4,94.25792269737583
6,5,135.8889660914087
6,6,0.0
6,7,74.83703817703032
6,8,72.11545965296064
7,0,74.83703817703032
7,1,6.892555131325981
7,2,10.857216038467557
7,3,12.125851062142182
7,4,33.20599478299747
7,5,74.83703817703032
7,6,74.83703817703032
7,7,0.0
7,8,11.06353173858227
8,0,72.11545965296064
8,1,4.170976607256289
8,2,8.135637514397866
8,3,4.841197324535323
8,4,25.921341045390612
8,5,72.11545965296064
8,6,72.11545965296064
8,7,11.06353173858227
8,8,0.0
