{
    "position": {
        "A": [0, 0],
        "B": [1, 1],
        "C": [1.75, -0.75],
        "E": [2, 0],
        "F": [3, 0.1],
        "H": [6, 1],
        "G": [6.1, -0.5],
        "I": [7, -0.5],
        "J": [10, -2.5]
    },
    "curvature": {
        "AB": 0.25,
        "AC": 0.25,
        "AE": 0.5,
        "BE": 0.5,
        "BF": 0.25,
        "CE": 0.5,
        "CF": 0.25,
        "EF": 0.5,
        "FH": -0.8333,
        "GH": 0.0,
        "GI": 0.0,
        "GJ": 0.0,
        "HI": 0.0,
        "IJ": 0.0
    },
    "latency": {
        "AB": 10.071067811865476,
        "AC": 14.519716382329886,
        "AE": 22.0,
        "BE": 19.071067811865476,
        "BF": 80.96585609973066,
        "CE": 5.9528470752104745,
        "CF": 77.55810822891549,
        "EF": 17.024937810560445,
        "FH": 90.66045976336582,
        "GH": 17.516648189186455,
        "GI": 34.5,
        "GJ": 91.91460700081113,
        "HI": 39.01387818865997,
        "IJ": 98.02775637731995
    }
}
