source_id,target_id,rtt
A,B,10.071067811865476
A,C,14.519716382329886
A,E,22.0
B,E,19.071067811865476
B,F,80.96585609973066
C,E,5.9528470752104745
C,F,77.55810822891549
E,F,17.024937810560445
F,H,90.66045976336582
G,H,17.516648189186455
G,I,34.5
G,J,91.91460700081113
H,I,39.01387818865997
I,J,98.02775637731995
